inner_link,out_link
,http://common.cnblogs.com/scripts/jquery-2.2.0.min.js
,https://i.cnblogs.com/EditPosts.aspx?opt=1
,https://msg.cnblogs.com/send/%E4%B8%83%E5%A4%9C%E7%9A%84%E6%95%85%E4%BA%8B
,https://i.cnblogs.com/
,https://i.cnblogs.com/EditPosts.aspx?postid=9496262
,https://i.cnblogs.com/EditPosts.aspx?postid=9464262
,https://i.cnblogs.com/EditPosts.aspx?postid=9296038
,https://i.cnblogs.com/EditPosts.aspx?postid=9216433
,https://i.cnblogs.com/EditPosts.aspx?postid=9098718
,https://i.cnblogs.com/EditPosts.aspx?postid=9077712
,https://i.cnblogs.com/EditPosts.aspx?postid=9062667
,https://i.cnblogs.com/EditPosts.aspx?postid=9053058
,https://i.cnblogs.com/EditPosts.aspx?postid=9033707
,https://i.cnblogs.com/EditPosts.aspx?postid=9023129
inner_link,out_link
http://www.cnblogs.com/bundles/blog-common.css?v=giTNza-Of-PEt5UsELhFQAR7G6-bfaSa4oolcq7i9-o1,
http://www.cnblogs.com/skins/Banlieue13/bundle-Banlieue13.css?v=-BwbBCgL4I6ev4eT0WChGlx86DuTjkHbdqzbBDeklxs1,
http://www.cnblogs.com/skins/Banlieue13/bundle-Banlieue13-mobile.css?v=RMNzrfV_gFDOY0YIxh5jAkRoIfox6Z9pvm_4_uyrjVU1,
https://www.cnblogs.com/qiyeboy/rss,
https://www.cnblogs.com/qiyeboy/rsd.xml,
https://www.cnblogs.com/qiyeboy/wlwmanifest.xml,
https://www.cnblogs.com/qiyeboy/wlwmanifest.xml,http://common.cnblogs.com/scripts/jquery-2.2.0.min.js
http://www.cnblogs.com/bundles/blog-common.js?v=yRkjgN2sBQkB4hX-wirHxPomeBT9sB5dawr6ob7KIvg1,http://common.cnblogs.com/scripts/jquery-2.2.0.min.js
https://www.cnblogs.com/qiyeboy/,http://common.cnblogs.com/scripts/jquery-2.2.0.min.js
http://www.cnblogs.com/Skins/custom/images/logo.gif,http://common.cnblogs.com/scripts/jquery-2.2.0.min.js
https://www.cnblogs.com/qiyeboy/,http://common.cnblogs.com/scripts/jquery-2.2.0.min.js
https://www.cnblogs.com/,http://common.cnblogs.com/scripts/jquery-2.2.0.min.js
https://www.cnblogs.com/qiyeboy/,http://common.cnblogs.com/scripts/jquery-2.2.0.min.js
https://www.cnblogs.com/qiyeboy/,https://i.cnblogs.com/EditPosts.aspx?opt=1
https://www.cnblogs.com/qiyeboy/,https://msg.cnblogs.com/send/%E4%B8%83%E5%A4%9C%E7%9A%84%E6%95%85%E4%BA%8B
https://www.cnblogs.com/qiyeboy/,https://i.cnblogs.com/
https://www.cnblogs.com/qiyeboy/rss,https://i.cnblogs.com/
https://www.cnblogs.com/qiyeboy/rss,https://i.cnblogs.com/
http://www.cnblogs.com/images/xml.gif,https://i.cnblogs.com/
https://www.cnblogs.com/qiyeboy/archive/2018/08/22.html,https://i.cnblogs.com/
https://www.cnblogs.com/qiyeboy/p/9496262.html,https://i.cnblogs.com/
https://www.cnblogs.com/qiyeboy/p/9496262.html,https://i.cnblogs.com/
https://www.cnblogs.com/qiyeboy/p/9496262.html,https://i.cnblogs.com/EditPosts.aspx?postid=9496262
https://www.cnblogs.com/qiyeboy/archive/2018/08/12.html,https://i.cnblogs.com/EditPosts.aspx?postid=9496262
https://www.cnblogs.com/qiyeboy/p/9464262.html,https://i.cnblogs.com/EditPosts.aspx?postid=9496262
https://www.cnblogs.com/qiyeboy/p/9464262.html,https://i.cnblogs.com/EditPosts.aspx?postid=9496262
https://www.cnblogs.com/qiyeboy/p/9464262.html,https://i.cnblogs.com/EditPosts.aspx?postid=9464262
https://www.cnblogs.com/qiyeboy/archive/2018/07/11.html,https://i.cnblogs.com/EditPosts.aspx?postid=9464262
https://www.cnblogs.com/qiyeboy/p/9296038.html,https://i.cnblogs.com/EditPosts.aspx?postid=9464262
https://www.cnblogs.com/qiyeboy/p/9296038.html,https://i.cnblogs.com/EditPosts.aspx?postid=9464262
https://www.cnblogs.com/qiyeboy/p/9296038.html,https://i.cnblogs.com/EditPosts.aspx?postid=9296038
https://www.cnblogs.com/qiyeboy/archive/2018/06/23.html,https://i.cnblogs.com/EditPosts.aspx?postid=9296038
https://www.cnblogs.com/qiyeboy/p/9216433.html,https://i.cnblogs.com/EditPosts.aspx?postid=9296038
https://www.cnblogs.com/qiyeboy/p/9216433.html,https://i.cnblogs.com/EditPosts.aspx?postid=9296038
https://www.cnblogs.com/qiyeboy/p/9216433.html,https://i.cnblogs.com/EditPosts.aspx?postid=9216433
https://www.cnblogs.com/qiyeboy/archive/2018/05/28.html,https://i.cnblogs.com/EditPosts.aspx?postid=9216433
https://www.cnblogs.com/qiyeboy/p/9098718.html,https://i.cnblogs.com/EditPosts.aspx?postid=9216433
https://www.cnblogs.com/qiyeboy/p/9098718.html,https://i.cnblogs.com/EditPosts.aspx?postid=9216433
https://www.cnblogs.com/qiyeboy/p/9098718.html,https://i.cnblogs.com/EditPosts.aspx?postid=9098718
https://www.cnblogs.com/qiyeboy/archive/2018/05/23.html,https://i.cnblogs.com/EditPosts.aspx?postid=9098718
https://www.cnblogs.com/qiyeboy/p/9077712.html,https://i.cnblogs.com/EditPosts.aspx?postid=9098718
https://www.cnblogs.com/qiyeboy/p/9077712.html,https://i.cnblogs.com/EditPosts.aspx?postid=9098718
https://www.cnblogs.com/qiyeboy/p/9077712.html,https://i.cnblogs.com/EditPosts.aspx?postid=9077712
https://www.cnblogs.com/qiyeboy/archive/2018/05/20.html,https://i.cnblogs.com/EditPosts.aspx?postid=9077712
https://www.cnblogs.com/qiyeboy/p/9062667.html,https://i.cnblogs.com/EditPosts.aspx?postid=9077712
https://www.cnblogs.com/qiyeboy/p/9062667.html,https://i.cnblogs.com/EditPosts.aspx?postid=9077712
https://www.cnblogs.com/qiyeboy/p/9062667.html,https://i.cnblogs.com/EditPosts.aspx?postid=9062667
https://www.cnblogs.com/qiyeboy/archive/2018/05/17.html,https://i.cnblogs.com/EditPosts.aspx?postid=9062667
https://www.cnblogs.com/qiyeboy/p/9053058.html,https://i.cnblogs.com/EditPosts.aspx?postid=9062667
https://www.cnblogs.com/qiyeboy/p/9053058.html,https://i.cnblogs.com/EditPosts.aspx?postid=9062667
https://www.cnblogs.com/qiyeboy/p/9053058.html,https://i.cnblogs.com/EditPosts.aspx?postid=9053058
https://www.cnblogs.com/qiyeboy/archive/2018/05/13.html,https://i.cnblogs.com/EditPosts.aspx?postid=9053058
https://www.cnblogs.com/qiyeboy/p/9033707.html,https://i.cnblogs.com/EditPosts.aspx?postid=9053058
https://www.cnblogs.com/qiyeboy/p/9033707.html,https://i.cnblogs.com/EditPosts.aspx?postid=9053058
https://www.cnblogs.com/qiyeboy/p/9033707.html,https://i.cnblogs.com/EditPosts.aspx?postid=9033707
https://www.cnblogs.com/qiyeboy/archive/2018/05/11.html,https://i.cnblogs.com/EditPosts.aspx?postid=9033707
https://www.cnblogs.com/qiyeboy/p/9023129.html,https://i.cnblogs.com/EditPosts.aspx?postid=9033707
https://www.cnblogs.com/qiyeboy/p/9023129.html,https://i.cnblogs.com/EditPosts.aspx?postid=9033707
https://www.cnblogs.com/qiyeboy/p/9023129.html,https://i.cnblogs.com/EditPosts.aspx?postid=9023129
https://www.cnblogs.com/qiyeboy/default.html?page=2,https://i.cnblogs.com/EditPosts.aspx?postid=9023129
inner_link,out_link
http://www.cnblogs.com/bundles/blog-common.css?v=giTNza-Of-PEt5UsELhFQAR7G6-bfaSa4oolcq7i9-o1,
http://www.cnblogs.com/skins/Banlieue13/bundle-Banlieue13.css?v=-BwbBCgL4I6ev4eT0WChGlx86DuTjkHbdqzbBDeklxs1,
http://www.cnblogs.com/skins/Banlieue13/bundle-Banlieue13-mobile.css?v=RMNzrfV_gFDOY0YIxh5jAkRoIfox6Z9pvm_4_uyrjVU1,
https://www.cnblogs.com/qiyeboy/rss,
https://www.cnblogs.com/qiyeboy/rsd.xml,
https://www.cnblogs.com/qiyeboy/wlwmanifest.xml,
,http://common.cnblogs.com/scripts/jquery-2.2.0.min.js
http://www.cnblogs.com/bundles/blog-common.js?v=yRkjgN2sBQkB4hX-wirHxPomeBT9sB5dawr6ob7KIvg1,
https://www.cnblogs.com/qiyeboy/,
http://www.cnblogs.com/Skins/custom/images/logo.gif,
https://www.cnblogs.com/qiyeboy/,
https://www.cnblogs.com/,
https://www.cnblogs.com/qiyeboy/,
,https://i.cnblogs.com/EditPosts.aspx?opt=1
,https://msg.cnblogs.com/send/%E4%B8%83%E5%A4%9C%E7%9A%84%E6%95%85%E4%BA%8B
,https://i.cnblogs.com/
https://www.cnblogs.com/qiyeboy/rss,
https://www.cnblogs.com/qiyeboy/rss,
http://www.cnblogs.com/images/xml.gif,
https://www.cnblogs.com/qiyeboy/archive/2018/08/22.html,
https://www.cnblogs.com/qiyeboy/p/9496262.html,
https://www.cnblogs.com/qiyeboy/p/9496262.html,
,https://i.cnblogs.com/EditPosts.aspx?postid=9496262
https://www.cnblogs.com/qiyeboy/archive/2018/08/12.html,
https://www.cnblogs.com/qiyeboy/p/9464262.html,
https://www.cnblogs.com/qiyeboy/p/9464262.html,
,https://i.cnblogs.com/EditPosts.aspx?postid=9464262
https://www.cnblogs.com/qiyeboy/archive/2018/07/11.html,
https://www.cnblogs.com/qiyeboy/p/9296038.html,
https://www.cnblogs.com/qiyeboy/p/9296038.html,
,https://i.cnblogs.com/EditPosts.aspx?postid=9296038
https://www.cnblogs.com/qiyeboy/archive/2018/06/23.html,
https://www.cnblogs.com/qiyeboy/p/9216433.html,
https://www.cnblogs.com/qiyeboy/p/9216433.html,
,https://i.cnblogs.com/EditPosts.aspx?postid=9216433
https://www.cnblogs.com/qiyeboy/archive/2018/05/28.html,
https://www.cnblogs.com/qiyeboy/p/9098718.html,
https://www.cnblogs.com/qiyeboy/p/9098718.html,
,https://i.cnblogs.com/EditPosts.aspx?postid=9098718
https://www.cnblogs.com/qiyeboy/archive/2018/05/23.html,
https://www.cnblogs.com/qiyeboy/p/9077712.html,
https://www.cnblogs.com/qiyeboy/p/9077712.html,
,https://i.cnblogs.com/EditPosts.aspx?postid=9077712
https://www.cnblogs.com/qiyeboy/archive/2018/05/20.html,
https://www.cnblogs.com/qiyeboy/p/9062667.html,
https://www.cnblogs.com/qiyeboy/p/9062667.html,
,https://i.cnblogs.com/EditPosts.aspx?postid=9062667
https://www.cnblogs.com/qiyeboy/archive/2018/05/17.html,
https://www.cnblogs.com/qiyeboy/p/9053058.html,
https://www.cnblogs.com/qiyeboy/p/9053058.html,
,https://i.cnblogs.com/EditPosts.aspx?postid=9053058
https://www.cnblogs.com/qiyeboy/archive/2018/05/13.html,
https://www.cnblogs.com/qiyeboy/p/9033707.html,
https://www.cnblogs.com/qiyeboy/p/9033707.html,
,https://i.cnblogs.com/EditPosts.aspx?postid=9033707
https://www.cnblogs.com/qiyeboy/archive/2018/05/11.html,
https://www.cnblogs.com/qiyeboy/p/9023129.html,
https://www.cnblogs.com/qiyeboy/p/9023129.html,
,https://i.cnblogs.com/EditPosts.aspx?postid=9023129
https://www.cnblogs.com/qiyeboy/default.html?page=2,
